URL,Title,Date,Location,About
https://www.eventbrite.com/e/sage-sound-tequila-tasting-experience-tickets-1100093141199?aff=ebdssbdestsearch,Sage & Sound: Tequila Tasting Experience,"Saturday, January 25 ¬∑ 7 - 9pm EST. Doors at 6:55pm","Manchester Flats Loft17@CEO 715 East 4th Street Richmond, VA 23224 United States Show map","Sage & Sound: Tequila Tasting Experience Join Richmond-based singer Kenaije for Sage & Sound‚Äîa unique evening blending sound healing, tequila, and mindful connection. Experience relaxation, ancestral energy, and a fresh take on sound baths and intentional drinking"
https://www.eventbrite.com/e/tapas-tastings-presented-by-constellation-brands-tickets-1116703513269?aff=ebdssbdestsearch,Tapas & Tastings Presented by Constellation Brands,"Friday, January 31 ¬∑ 5:30 - 7pm EST","Batavia Downs - Grandstands Banquet Room 8315 Park Road Batavia, NY 14020 United States Show map","HOTEL DEAL:  https://reservations.travelclick.com/99615?ProdID=747629&LanguageID=1 Our second annual Tapas & Tastings Presented by Constellation Brands will be held inside the Genesee Room at Batavia Downs Gaming & Hotel on Friday, January 31st at 5:30 PM! General Admission is $60, and will feature a spectrum of spirits like: The Prisoner Wine (assorted flavors) Mi Campo Tequila Casa Noble Tequila High West Bourbon ...and more! Menu: First Course Asparagus & Mozzarella wrapped in Prosciutto with Italian Dressing drizzle Chardonnay Second Course Fresh Greens topped with strawberry, mandarin oranges, & almonds with raspberry vinegarette Pinot Noir Third Course Filet with Sundried Tomato and Spinach Demi over Polenta Red Blend Fourth Course Chocolate Lava Cake with whipped topping Cabernet Sauvignon Sip and enjoy these delectable beverages, and then enjoy a scrumptious four-course meal alongside a presentation by The Prisoner Wine, straight out of Napa Valley, exploring different pairings to go alongside their various flavors. All of this brought to you by our friends at Constellation Brands. Seating is limited, so be sure to purchase your tickets today!"
https://www.eventbrite.com/e/wisdom-mocktails-tickets-1143022413809?aff=ebdssbdestsearch,Wisdom & Mocktails,"Saturday, January 25 ¬∑ 12 - 1:30pm EST","670 Rhode Island Avenue Northeast 670 Rhode Island Avenue Northeast Washington, DC 20002 United States Show map","The Alegria Bar Team is excited to co-host this amazing workshop with Empress Zella Taj, Founder of Neteru Apothecary. Her work bridges a Western science lens with Indigenous ancestral wisdom to offer a truly holistic approach to community healing. üçπ  Craft Two Exquisite Mocktails: üîÜEnergizing Mocktail:  Hibiscus, cardamom, lemon & chia seeds for a refreshing boost. üíñHeart Harmony Elixir:  Cacao, coconut & cardamom to soothe and center. ü•ë enjoy a complimentary appetizer by Taqueria Habanero These medicines are an invitation to reconnect with our plant kin, remember our sacred duty as Earth‚Äôs stewards, and align ourselves with the natural rhythms of life. Start your new year off right by learning how to craft healing cocktails great for the body and mind!"
https://www.eventbrite.com/e/cacao-ceremony-medicine-music-journey-tickets-1141476479879?aff=ebdssbdestsearch,Cacao Ceremony & Medicine Music Journey,"Thursday, January 30 ¬∑ 7 - 10pm EST. Doors at 1:30pm","St. Luke's Church on the Avenue 800 West 36th Street Baltimore, MD 21211 United States Show map","‚ú® Cacao Ceremony Led by experienced medicine women  Jazz LeiAmora  and  Esmeralda G√≥mez Saavedra , this sacred cacao ceremony draws from ancient Mayan and Aztec traditions. Cacao, known as the ""Food of the Gods,"" is revered for its ability to open the heart, foster creativity, and deepen emotional connection. As we gather in this ceremonial space, we will honor the spirit of cacao, using it as a gentle guide for reflection, clarity, and connection. The ritual will invite you to meditate, release what no longer serves you, and open your heart to the new possibilities the year holds. üé∂ Live Music Let the healing melodies of  Esmeralda G√≥mez Saavedra ,  Tupac   Saavedra , and  Jazz LeiAmora  transport you to a place of deep connection and renewal. Their music, rooted in ancient traditions and infused with soul, will weave a tapestry of sound that uplifts and heals. Our live medicine music invites participation‚Äîwhether through singing, listening, or simply feeling the vibrations‚Äîand is a reminder of the power of communal connection and shared intention. üåë New Moon & Chinese New Year Energy The New Moon is a time of introspection and renewal, offering us a blank canvas to set intentions and manifest our dreams. Paired with the energy of the Chinese, or Lunar New Year, this ceremony is a unique opportunity to align with the cosmos and create a new chapter. We will share insight into the power of the year of the Wood Snake, and its invitation into renewal, transformation, wisdom, and continuous growth. Through meditation and reflection, we will harness this potent energy to let go of the past, center ourselves in the present, and plant seeds for the future. This is a sacred time to align our inner world with the cycles of nature, fostering balance and harmony within. üîî Harmony Works Sound Bath and Gong Journey We will close the evening with a transformative sound bath led by  The Harmony Works Team , featuring the deep, resonant tones of our deluxe multi-Gong set up. This powerful sound healing practice allows for deep relaxation, insight, and energetic alignment. The vibrations will help integrate the intentions set during the ceremony, leaving you in a state of profound peace and clarity. Jazz LeiAmora  is a distinguished sound healer, multi-instrumentalist and singer/songwriter known for her genre, Sacred Soul Medicine Music, which fuses soul, R&B, reggae, and more. Her enchanting voice creates a captivating, inspiring and meditative experience. Her debut album, ‚ÄúOm Pachamama,‚Äù is available on all streaming platforms and was featured in MAPS Bulletin, 2024 edition. Based in Santa Cruz, Jazz has been devoted to the medicine path for 10+ years, dedicating significant time to collaborating with and supporting native communities from South America.Esmeralda G√≥mez Saavedra's Bio: Esmeralda G√≥mez Saavedra  is an expressive arts therapist, certified somatic ecotherapist, moon dancer, singer, and proud mother of two. She integrates art, ritual, and nature-based practices to help individuals navigate life transitions, mental health challenges, and the integration of expanded states of consciousness. For nearly two decades, Esmeralda has been rooted in traditional Mexican medicine, energy healing, and Earth-based practices. Her work honors ancestral wisdom while fostering personal and collective healing. She has facilitated expressive arts workshops, Moon circles, and plant medicine ceremonies, creating transformative spaces for connection, growth, and renewal. Tupac   Saavedra  is a Bolivian filmmaker, activist, and musician, regarded as a gifted healer since a young age. He leads transformative ceremonies that blend deep-rooted traditions with modern insights, fostering healing and spiritual growth. His diverse passions‚Äîfrom storytelling to music, martial arts, and hosting retreats‚Äîreflect his dedication to connection, community, and personal transformation. A UC Berkeley graduate and senior producer at Al Jazeera, Tupac has earned prestigious accolades, including the Pulitzer Prize, Emmy, and Peabody Awards for his work with Bisan Owda on Gaza stories, as well as a Telly Award for a series on the US-Mexico Border and Brazilian elections. With a career spanning the globe, Tupac remains committed to amplifying underrepresented voices and fostering positive change."
https://www.eventbrite.com/e/lunazul-tequila-tasting-experience-tickets-1143049324299?aff=ebdssbdestsearch,Lunazul Tequila Tasting Experience,"Wednesday, January 29 ¬∑ 6:30 - 8:30pm EST","Desperados Cantina 1224 Manchester Street ##110 Lexington, KY 40504 United States Show map","Sip, Savor, and Learn at Desperados Cantina! Join us on January 29th from 6:30 to 8:30 PM for another unforgettable tequila tasting experience, featuring  Lunazul Tequila ! This one‚Äôs for tequila lovers and curious sippers alike, offering a journey through Lunazul‚Äôs rich heritage and unique aging process. What‚Äôs included in your $25 ticket? A  welcome cocktail  to kick off the night Access to our  signature salsa bar A guided tasting flight featuring Lunazul Reposado, A√±ejo, and the rare Double Barrel Reposado aged in Rittenhouse Rye barrels Whether you're a seasoned tequila enthusiast or just want to learn more about this spirit, this educational evening will leave your taste buds happy and your agave knowledge upgraded. Spots are limited, so don‚Äôt wait‚Äîreserve your seat today! Must be 21+ to attend. Drink responsibly. Let‚Äôs raise a glass (or three) to great tequila!"
https://www.eventbrite.com/e/heart-opening-cacao-ceremony-with-dalila-tickets-1119111315069?aff=ebdssbdestsearch,Heart-Opening Cacao Ceremony with Dalila,"Saturday, January 25 ¬∑ 6:30 - 7:30pm CST. Doors at 6pm","Moksha Yoga Center 2528 West Armitage Avenue Chicago, IL 60647 United States Show map","We are excited to invite you to a transformative  Heart-Opening Cacao Ceremony ‚Äîa sacred space to connect with your inner self, the energy of community, and the heart of cacao, a plant medicine known for its ability to open and heal the heart. During this ceremony, we will gently sip on ceremonial-grade cacao, an ancient heart-opening medicine used by indigenous cultures for centuries. As we gather together in circle, we will engage in ear needling, oracle cards, guided meditation, and sound bath to deepen our connection with ourselves and others. This sacred space is open to all‚Äîwhether you are new to cacao ceremonies or have attended before, everyone is welcome to experience the magic of this heart-centered practice."
https://www.eventbrite.com/e/partida-tequila-masterclass-tasting-tickets-1116862227989?aff=ebdssbdestsearch,Partida Tequila Masterclass + Tasting,"Tuesday, January 21 ¬∑ 6 - 8pm CST","Avenida Brazil Brazilian Steakhouse by Sal e Brasa 17660 Henderson Pass San Antonio, TX 78232 United States Show map","üçπ‚ú® Elevate Your Spirits: Partida Tequila Masterclass & Tasting Experience ‚ú®üçπ Embark on a flavorful journey through the world of premium tequila with our interactive Partida Tequila Masterclass and Tasting Experience on Tuesday, January 21st at 6:00pm! This isn't just a tasting; it's an immersive adventure that will tantalize your taste buds and ignite your passion for Mexico's finest spirit. What's Included: ü•É Expert-guided tasting of Partida Tequila's exquisite portfolio: Blanco, Reposado, A√±ejo, Cristalino üç∏ Cocktail Experience: Start your evening with a specially crafted welcome drink upon arrival + create your own finishing cocktail under the guidance of our master mixologists. üí∞Masterclass & Tasting Experience: $55 per person Exclusive Dinner Offer: Extend your evening of flavor with our signature menu, available at a special discounted price of $43 for class attendees. Don't miss this opportunity to expand your tequila horizons, craft delicious cocktails, and immerse yourself in the rich culture of Mexican spirits. Whether you're a tequila aficionado or a curious beginner, this experience promises to be an unforgettable journey for your senses. Space is limited, so reserve your spot now and prepare to sip, savor, and celebrate the art of fine tequila using this link:https://www.opentable.com/booking/experiences-availability?rid=1351615&restref=1351615&experienceId=393192&utm_source=external&utm_medium=referral&utm_campaign=shared"
https://www.eventbrite.com/e/sacred-intentions-2025cacao-ceremony-ceremonial-concert-tickets-1136817625119?aff=ebdssbdestsearch,Sacred intentions 2025:Cacao ceremony & ceremonial concert,"Wednesday, January 22 ¬∑ 7 - 9:30pm EST","Gospel 281 Lafayette Street New York, NY 10012 United States Show map","Join us for a special  Cacao ceremony & ceremonial concert , a night of warmth and celebration where friends gather as family. Beneath the gentle glow of evening, we come together to honor the bonds that unite us, inviting the sacred medicine of cacao to open our hearts and deepen our connections. We assemble together to listen to and connect with our hearts; embracing the gift of the present moment while we weave a tapestry of shared love, connection, and presence. Through the rich, earthy spirit of cacao, we enter a space of openness and tenderness, allowing this medicine's gentle guidance to melt away boundaries and bring us closer together. Let each sip be a reminder of the love that surrounds us, the friendships that uplift us, and the family we find in each other. Together, we create a circle of belonging‚Äîa family woven with threads of compassion, joy, and gratitude. * All tickets are non-refundable*"
https://www.eventbrite.com/e/jolt-cacao-ceremony-and-sound-healing-tickets-1145041232149?aff=ebdssbdestsearch,Jolt Cacao Ceremony and Sound Healing,"Saturday, January 25 ¬∑ 7 - 9pm EST","Retreat House 3 West Oak Island Drive Oak Island, NC 28465 United States Show map","‚ú®  Sacred Sound & Cacao Journey  ‚ú® Step into a heart-centered evening of connection, relaxation, and transformation as we blend the ancient rituals of a  Cacao Ceremony  with the immersive power of  Sound Healing . üåø  Cacao Ceremony Begin your journey with a cup of ceremonial-grade cacao, a sacred plant medicine known for opening the heart and deepening connection to self and others. Together, we'll set intentions, share in community, and experience the gentle yet profound energy of cacao as it nourishes the body and spirit. üé∂  Sound Healing Experience Following the ceremony, let waves of healing sound wash over you. Using a harmonious blend of instruments, including crystal singing bowls, gongs, chimes, and drums, the sound healing session will guide you into a state of deep relaxation and inner peace. This soundscape is designed to release blockages, align your energy, and connect you to your inner wisdom. üåü  What to Expect: A warm and welcoming environment Guided meditation and intention setting Connection with community in a sacred space Heart-opening cacao to support your journey A transformative sound bath experience Bring a yoga mat, blanket, and anything that makes you feel cozy and supported. Let this evening be an opportunity to reset, recharge, and reconnect with yourself in the most nurturing way. Reserve your spot today and join us for an unforgettable journey into sound and soul. üåà  Spaces are limited‚Äîsecure yours now!  üåü"
https://www.eventbrite.com/e/mag-esai-manny-soneffs-mikakuika-indigenous-psychedelic-chicano-indie-tickets-1126856932419?aff=ebdssbdestsearch,"Mag Esai, Manny, Soneffs, Mikakuika - Indigenous Psychedelic, Chicano Indie","Saturday, January 25 ¬∑ 8 - 11pm MST. Doors at 7pm","D3 Arts 3614 Morrison Road Denver, CO 80219 United States Show map","Mag Esai, Manny, Soneffs, Mikakuika - Indigenous Psychedelic, Chicano Indie Come groove with us at  D3 Arts  for a night with Indigenous Psychedelic, Chicano Indie, grunge and pre-hispanic Native vibes! Mag Esai, Manny, Soneffs, and Kalpulli Mikakuika will be bringing their unique sounds to the stage for an unforgettable in-person event. Get ready to experience a fusion of time and genres that will have you dancing all night long. Don't miss out on this one-of-a-kind musical journey!"
https://www.eventbrite.com/e/teremana-tequila-mixology-class-cadillac-bar-tickets-1087070971539?aff=ebdssbdestsearch,Teremana  Tequila Mixology Class - Cadillac Bar,"Friday, January 31 ¬∑ 7 - 9pm CST","Cadillac Bar 1802 Shepherd Drive Houston, TX 77007 United States Show map","From Shaker to Savor! Join the fun! Learn how shake up 3 Teremana Tequila cocktails while savoring our Fiesta Platter! January 31, 2025 | 7pm $50 Per Person* * Plus Tax. What we're shaking up PEOPLE'S MARGARITA Teremana Blanco, lime juice, agave nectar, pineapple juice MANA PALOMA Teremana Reposado, grapefruit juice, lime juice, simple syrup A √ë EJO  OLD FASHIONED Teremana A√±ejo, agave nectar, orange bitters *Menu Subject to Change. No Refunds. Must be 21+ to attend this event. Gratuity and fees included in ticket price. Tax Not Included. All sales final."
https://www.eventbrite.com/e/savor-stretch-reset-tickets-1118347871589?aff=ebdssbdestsearch,Savor Stretch Reset,"Sunday, January 26 ¬∑ 1 - 3pm PST","The SweatBox Yoga 1417 10th Avenue Seattle, WA 98122 United States Show map","Kick off the New Year with a grounding and educational sensory experience combining hatha yoga, meditation, and the exploration of flavor in chocolate and sophisticated NA beverages.¬† Led by Sweatbox instructor Mary Rodgers, we‚Äôll open with a tasting meditation combining pranayama, a clarifying NA sip, and complex single-origin chocolate. Then we‚Äôll enjoy a restorative 40-minute yoga session complete with shavasana. Finally, we‚Äôll close out the experience with rotating workshops introducing ethically-sourced chocolate and the latest in sophisticated mocktail innovation. Attendees will leave a take-away gift of products and recipes to enjoy with family and friends."
https://www.eventbrite.com/e/lunar-new-year-cacao-ceremony-sound-bath-tickets-1120972481869?aff=ebdssbdestsearch,Lunar New Year Cacao Ceremony & Sound Bath,"Wednesday, January 29 ¬∑ 6:30 - 8pm PST","Moore Than Rocks 315 West Meeker Street Kent, WA 98032 United States Show map","Join us on this Lunar New, for a heart-opening cacao ceremony and sound bath to connect with the transformative energy of the Wood Snake. This sacred gathering will include a guided meditation to tune into the profound transformation and spiritual growth that our heart is ready for. The gentle medicine of cacao helps to awaken your heart and spirit, guiding you on a journey of self-expansion. Sammy will intuitively guide you through high vibrations of healing sound‚Äôs diving right into balancing the mental, emotional, physical, and spiritual self with the soothing tones of Crystal singing bowls, sacred drums, calming chimes, & relaxing tunes of various instruments as we intuitively lead you through this journey of self discovery. In the event space we will set a Sacred Geometic Grid for cleansing and activation. Yoga mats and pillows are provided. Please note that as energy moves you may feel cold- so please bring your own blanket as well as whatever makes you feel comfortable! Shop hours are 10am-6pm. Doors to the event close at 6:20pm, please arrive early to give yourself ample time to get comfortable and enjoy the space."
https://www.eventbrite.com/e/tequlia-tasting-tickets-1060941708209?aff=ebdssbdestsearch,Tequlia Tasting,"Friday, January 24 ¬∑ 7 - 8:30pm CST","Wilson Cafe 2 North Jefferson Street Wilson, AR 72395 United States Show map","Welcome to the Tequila Tasting Class! 
 Join us at  Wilson Cafe  for a fun and educational evening where you'll learn all about the world of tequila. Our expert instructors will guide you through a tasting of different tequilas, teaching you how to distinguish between blanco, reposado, and a√±ejo varieties. You'll also get to sample some delicious cocktails made with this versatile spirit. Whether you're a tequila aficionado or a complete novice, this class is perfect for anyone looking to expand their knowledge and appreciation of this Mexican favorite. Don't miss out on this unique opportunity to sip, learn, and have a great time with fellow tequila enthusiasts!"
https://www.eventbrite.com/e/alta-joda-fest-nyc-fiesta-latina-tickets-1123202883059?aff=ebdssbdestsearch,Alta Joda Fest NYC - Fiesta Latina,January 24 ¬∑ 11pm - January 25 ¬∑ 4am EST,"Harbor NYC Rooftop 621 West 46th Street New York, NY 10036 United States Show map","Alta Joda Fest NYC #5 - Estamos listos?! The Argentine party hosted by Dustin Luke lands, once again, in the Big Apple. Dive into the sounds of Latin America, from Cachengue to Reggaet√≥n, and from RKT to Cumbia, los cl√°sicos y m√°s. A musical journey that crosses borders, there's something for everyone to dance to! Es una fiesta que jam√°s te vas a olvidar lejos de casa. üéüÔ∏è Tickets : üé´ First Tier: Super Early Bird (Early Entry) $15 üé´ Second Tier: Early Bird (Early Entry) $20 üé´ Third Tier: General Admission (Early Entry) $25 üé´ Fourth Tier: General Admission (Entry Anytime) $30 üé´ Fifth Tier: Day of Event / Door Price $35 üé´ VIP Tickets: $50 üìÖ Date: Friday, January 24, 2025 üïí Time: 11 p.m. ‚Äì 4 a.m. ‚è≥ Duration: 5 hours üìç Location: The Harbor NYC Rooftop üë§ Age Requirements: 21+ with valid ID ‚ôø Accessibility: The venue is wheelchair accessible. Join us for an unforgettable night celebrating one of the most festive cultures in the world, Argentina! Qu√© no te la cuenten!"
https://www.eventbrite.com/e/sip-and-stroke-tickets-1149600539159?aff=ebdssbdestsearch,Sip and Stroke,"Saturday, January 25 ¬∑ 11am - 1pm CST. Doors at 10:45am","Nothing But Love Wellness Spa 3124 West Main Street #Suite 10 Dothan, AL 36305 United States Show map","Welcome to  Sip & Stroke ! Come join us at  Nothing But Love Wellness Spa  for a relaxing experience of tapping into a bit of creativity to be guided by an instructor to paint your own personal masterpiece while enjoying  two C omplimentary Mimosas, Charcuterie, a Hot Cocoa Bar, and Warm Donuts. Our  Sip and Stroke  event blends the therapy of creativity with relaxation and light conversation. This is the perfect opportunity to unwind and unleash your creative self in a safe space. No painting experience necessary  - just bring your imagination and get ready to have a great time! Our talented instructor will guide you through a step-by-step painting class, ensuring that you leave with some painting knowledge and a beautiful new work of art to add to your collection or to start your collection. Great for couples, a girls' night out, or come solo and meet new people. Don't miss out on this unique opportunity to sip, paint, and unwind! Spaces are limited, so be sure to reserve your spot(s) today. We can't wait to see you there!"
https://www.eventbrite.com/e/cacao-ceremony-and-sound-bath-tickets-1026193882527?aff=ebdssbdestsearch,Cacao Ceremony and Sound Bath,"Friday, January 31 ¬∑ 6:30 - 7:30pm MST","Sakala 1660 Gilpin Street Denver, CO 80218 United States Show map","Come join us for a cozy and transformative evening featuring a Sacred Cacao Ceremony and a relaxing Sound Bath! This unique experience blends the heart-opening goodness of ceremonial cacao with the soothing sounds of crystal bowls, creating a space for connection and healing. Cacao  is celebrated for its ability to ground and open the heart. This ceremony aims to uplift your spirit, helping you embrace spiritual intentions and deepen your connections with yourself and others. As a powerful ally for spiritual growth, healing, and connection, cacao is at the heart of this experience. In addition, the  sound bowls  used in the ceremony resonate at different frequencies, each associated with a specific chakra. These frequencies help to align and balance your energy centers, promoting a harmonious flow throughout your body. By combining the heart-opening properties of cacao with the healing vibrations of the sound bowls, you'll create a profound space for transformation and renewal. **please arrive 5-10 min early and bring a mug for cacao, a journal and pen ** yoga mats, blankets, and bolsters will be provided"
https://www.eventbrite.com/e/mediterranean-melange-a-pairing-experience-tickets-1134764323639?aff=ebdssbdestsearch,Mediterranean M√©lange:  A Pairing Experience,"Thursday, January 30 ¬∑ 6 - 8pm EST. Doors at 5:30pm","The Comus Inn 23900 Old Hundred Road Dickerson, MD 20842 United States Show map","Embark on an enchanting culinary journey through the heart of Southern Europe at  The Comus Inn , in partnership with  Kenco Beverage Sales . This exclusive wine dinner showcases the rich heritage and distinguished wines of  France, Spain, and Austria , paired with exquisite dishes inspired by Mediterranean flavors. The evening begins with a sparkling toast featuring  Wolfberger Cr√©mant d'Alsace Brut , paired with a delicate trio of seafood delights. Guests will savor a progression of expertly crafted dishes, including vibrant  halibut with jumbo lumped crab  and tender  lamb chops , each artfully matched with refined selections like  Ruttenstock Ried Reipersberg 2023  and  Ch√¢teau Le Beyan Haut-M√©doc . As the evening unfolds, your palate will be treated to a crescendo of flavors, leading to an elegant finale with a  mysterious dessert wine ‚Äîa  ""Myst√®re Doux""  that promises a captivating surprise. Join us for a night of indulgence, discovery, and timeless pairings as we celebrate the marriage of fine wine and cuisine from the most celebrated regions of the Mediterranean."
https://www.eventbrite.com/e/cacao-ceremony-sound-healing-co-held-by-amaru-zitlallinikue-ana-karina-tickets-1149267001539?aff=ebdssbdestsearch,Cacao Ceremony + Sound Healing Co-Held by Amaru Zitlallinikue & Ana Karina,"Wednesday, January 22 ¬∑ 10am - 12:30pm EST. Doors at 9:50am","Neshamah 137 Private Home Great Neck, NY 11021 United States Show map","Sacred Cacao Ceremony & Sound Healing - Co-Facilitated by Amaru Zitlallinikue and Ana Karina - Great Neck, NY Join us for a heart-opening experience at  Neshamah 137 ! Our Sacred Cacao Ceremony and Sound Healing is a unique opportunity to connect with yourself and others in a meaningful way. Immerse yourself in the healing properties of cacao while participating in a guided ritual and healing sound bath. This gathering is perfect for anyone looking to deepen their connection to spirit and experience a sense of community. We look forward to sharing this ceremonial space with you. Date:  Wednesday, January 22th Time:  10:00 AM - 12:30 PM Location:  Neshamah 137. A private home in Great Neck, NY. Address will be emailed to you after you RSVP. About this Ceremony: Cacao has been revered for centuries as a sacred plant medicine, used in spiritual practices to connect with the heart, expand consciousness, and cultivate gratitude. In this ceremony, we will come together in a safe and nurturing space to experience the profound benefits of ceremonial-grade cacao, guided meditation, and collective intention-setting. Every Sacred Cacao Ceremony is different, based on the group, however, here is an example of a possible flow for the gathering... Opening Circle:  Set your intention and ground into the space with a welcoming circle. Cacao Ritual:  Learn about the origins and benefits of ceremonial cacao before savoring this heart-opening elixir. Sound Bath facililated by Ana Karina:  A journey inward to align with your intentions and deepen your connection to yourself and others. Medicine Music & Movement:  Enjoy light drumming, chanting, or gentle movement to harmonize energy and celebrate the moment. Closing Circle:  Reflect on the experience and share insights within the community. What to Bring: A journal and pen for reflections A yoga mat, cushion, or blanket for comfort A personal water bottle An open heart and curiosity Who This Is For: This event is open to anyone seeking connection, self-discovery, or a moment of peace and grounding. Whether you‚Äôre familiar with cacao ceremonies or new to this practice, all are welcome. Investment:  $77 Pre-registration is required as spaces are limited to ensure an intimate atmosphere. Why Join? This ceremony is an opportunity to reconnect with yourself, release what no longer serves you, and step into your power in a supportive and uplifting environment. We look forward to sharing this sacred space with you and co-creating a beautiful experience of love, gratitude, and transformation. Reserve Your Spot Today Additional details on our website:  https://www.guidedbygrandma.com/cacao-ceremony-and-sound-healing-great-neck-ny"
,,,,
,,,,
,,,,
,,,,
,,,,
,,,,
,,,,
,,,,
,,,,
,,,,
,,,,
,,,,
,,,,
,,,,
,,,,
,,,,
,,,,
,,,,
,,,,
,,,,
,,,,
,,,,
,,,,
,,,,
,,,,
,,,,
,,,,
,,,,
,,,,
,,,,
,,,,
,,,,
,,,,
,,,,
,,,,
,,,,
,,,,
,,,,
,,,,
,,,,
,,,,
,,,,
,,,,
,,,,
,,,,
,,,,
,,,,
,,,,
,,,,
,,,,
,,,,
,,,,
,,,,
,,,,
,,,,
,,,,
,,,,
,,,,
,,,,
,,,,
,,,,
,,,,
,,,,
,,,,
,,,,
,,,,
,,,,
,,,,
,,,,
,,,,
,,,,
,,,,
,,,,
,,,,
,,,,
,,,,
,,,,
,,,,
,,,,
,,,,
,,,,
,,,,
,,,,
,,,,
,,,,
,,,,
,,,,
,,,,
,,,,
,,,,
,,,,
,,,,
,,,,
,,,,
,,,,
,,,,
,,,,
,,,,
,,,,
,,,,
,,,,
,,,,
,,,,
,,,,
,,,,
,,,,
,,,,
,,,,
,,,,
,,,,
,,,,
,,,,
,,,,
,,,,
,,,,
,,,,
,,,,
,,,,
,,,,
,,,,
,,,,
,,,,
,,,,
,,,,
,,,,
,,,,
,,,,
,,,,
,,,,
,,,,
,,,,
,,,,
,,,,
,,,,
,,,,
,,,,
,,,,
,,,,
,,,,
,,,,
,,,,
,,,,
,,,,
,,,,
,,,,
,,,,
,,,,
,,,,
,,,,
,,,,
,,,,
,,,,
,,,,
,,,,
,,,,
,,,,
,,,,
,,,,
,,,,
,,,,
,,,,
,,,,
,,,,
,,,,
,,,,
,,,,
,,,,
,,,,
,,,,
,,,,
,,,,
,,,,
,,,,
,,,,
,,,,
,,,,
,,,,
,,,,
,,,,
,,,,
,,,,
,,,,
,,,,
,,,,
,,,,
,,,,
,,,,
,,,,
,,,,
,,,,
,,,,
,,,,
,,,,
,,,,
,,,,
,,,,
,,,,
,,,,
,,,,
,,,,
,,,,
,,,,
,,,,
,,,,
,,,,
,,,,
,,,,
,,,,
,,,,
,,,,
,,,,
,,,,
,,,,
,,,,
,,,,
,,,,
,,,,
,,,,
,,,,
,,,,
,,,,
,,,,
,,,,
,,,,
,,,,
,,,,
,,,,
,,,,
,,,,
,,,,
,,,,
,,,,
,,,,
,,,,
,,,,
,,,,
,,,,
,,,,
,,,,
,,,,
,,,,
,,,,
,,,,
,,,,
,,,,
,,,,
,,,,
,,,,
,,,,
,,,,
,,,,
,,,,
,,,,
,,,,
,,,,
,,,,
,,,,
,,,,
,,,,
,,,,
,,,,
,,,,
,,,,
,,,,
,,,,
,,,,
,,,,
,,,,
,,,,
,,,,
,,,,
,,,,
,,,,
,,,,
,,,,
,,,,
,,,,
,,,,
,,,,
,,,,
,,,,
,,,,
,,,,
,,,,
,,,,
,,,,
,,,,
,,,,
,,,,
,,,,
,,,,
,,,,
,,,,
,,,,
,,,,
,,,,
,,,,
,,,,
,,,,
,,,,
,,,,
,,,,
,,,,
,,,,
,,,,
,,,,
,,,,
,,,,
,,,,
,,,,
,,,,
,,,,
,,,,
,,,,
,,,,
,,,,
,,,,
,,,,
,,,,
,,,,
,,,,
,,,,
,,,,
,,,,
,,,,
,,,,
,,,,
,,,,
,,,,
,,,,
,,,,
,,,,
,,,,
,,,,
,,,,
,,,,
,,,,
,,,,
,,,,
,,,,
,,,,
,,,,
,,,,
,,,,
,,,,
,,,,
,,,,
,,,,
,,,,
,,,,
,,,,
,,,,
,,,,
,,,,
,,,,
,,,,
,,,,
,,,,
,,,,
,,,,
,,,,
,,,,
,,,,
,,,,
,,,,
,,,,
,,,,
,,,,
,,,,
,,,,
,,,,
,,,,
,,,,
,,,,
,,,,
,,,,
,,,,
,,,,
,,,,
,,,,
,,,,
,,,,
,,,,
,,,,
,,,,
,,,,
,,,,
,,,,
,,,,
,,,,
,,,,
,,,,
,,,,
,,,,
,,,,
,,,,
,,,,
,,,,
,,,,
,,,,
,,,,
,,,,
,,,,
,,,,
,,,,
,,,,
,,,,
,,,,
,,,,
,,,,
,,,,
,,,,
,,,,
,,,,
,,,,
,,,,
,,,,
,,,,
,,,,
,,,,
,,,,
,,,,
,,,,
,,,,
,,,,
,,,,
,,,,
,,,,
,,,,
,,,,
,,,,
,,,,
,,,,
,,,,
,,,,
,,,,
,,,,
,,,,
,,,,
,,,,
,,,,
,,,,
,,,,
,,,,
,,,,
,,,,
,,,,
,,,,
,,,,
,,,,
,,,,
,,,,
,,,,
,,,,
,,,,
,,,,
,,,,
,,,,
,,,,
,,,,
,,,,
,,,,
,,,,
,,,,
,,,,
,,,,
,,,,
,,,,
,,,,
,,,,
,,,,
,,,,
,,,,
,,,,
,,,,
,,,,
,,,,
,,,,
,,,,
,,,,
,,,,
,,,,
,,,,
,,,,
,,,,
,,,,
,,,,
,,,,
,,,,
,,,,
,,,,
,,,,
,,,,
,,,,
,,,,
,,,,
,,,,
,,,,
,,,,
,,,,
,,,,
,,,,
,,,,
,,,,
,,,,
,,,,
,,,,
,,,,
,,,,
,,,,
,,,,
,,,,
,,,,
,,,,
,,,,
,,,,
,,,,
,,,,
,,,,
,,,,
,,,,
,,,,
,,,,
,,,,
,,,,
,,,,
,,,,
,,,,
,,,,
,,,,
,,,,
,,,,
,,,,
,,,,
,,,,
,,,,
,,,,
,,,,
,,,,
,,,,
,,,,
,,,,
,,,,
,,,,
,,,,
,,,,
,,,,
,,,,
,,,,
,,,,
,,,,
,,,,
,,,,
,,,,
,,,,
,,,,
,,,,
,,,,
,,,,
,,,,
,,,,
,,,,
,,,,
,,,,
,,,,
,,,,
,,,,
,,,,
,,,,
,,,,
,,,,
,,,,
,,,,
,,,,
,,,,
,,,,
,,,,
,,,,
,,,,
,,,,
,,,,
,,,,
,,,,
,,,,
,,,,
,,,,
,,,,
,,,,
,,,,
,,,,
,,,,
,,,,
,,,,
,,,,
,,,,
,,,,
,,,,
,,,,
,,,,
,,,,
,,,,
,,,,
,,,,
,,,,
,,,,
,,,,
,,,,
,,,,
,,,,
,,,,
,,,,
,,,,
,,,,
,,,,
,,,,
,,,,
,,,,
,,,,
,,,,
,,,,
,,,,
,,,,
,,,,
,,,,
,,,,
,,,,
,,,,
,,,,
,,,,
,,,,
,,,,
,,,,
,,,,
,,,,
,,,,
,,,,
,,,,
,,,,
,,,,
,,,,
,,,,
,,,,
,,,,
,,,,
,,,,
,,,,
,,,,
,,,,
,,,,
,,,,
,,,,
,,,,
,,,,
,,,,
,,,,
,,,,
,,,,
,,,,
,,,,
,,,,
,,,,
,,,,
,,,,
,,,,
,,,,
,,,,
,,,,
,,,,
,,,,
,,,,
,,,,
,,,,
,,,,
,,,,
,,,,
,,,,
,,,,
,,,,
,,,,
,,,,
,,,,
,,,,
,,,,
,,,,
,,,,
,,,,
,,,,
,,,,
,,,,
,,,,
,,,,
,,,,
,,,,
,,,,
,,,,
,,,,
,,,,
,,,,
,,,,
,,,,
,,,,
,,,,
,,,,
,,,,
,,,,
,,,,
,,,,
,,,,
,,,,
,,,,
,,,,
,,,,
